event_name,event_date,event_location,event_location_url,event_time,event_description
FebFest 2020 Winter Park in Boucher Park,01-Mar-20,Boucher Park,https://www.visitkingston.ca/venue/boucher-park/,8:00 AM,Bundle up the little kids and take them to Boucher Park on Clarence Street just around the corner from Springer Market Square and let the kids enjoy the ice slides and ice sculptures. Boucher Park will be open for the whole month of February (weather permitting) in the heart of downtown Kingston ...
Free Outdoor Public Skating in Springer Market Square,01-Mar-20,Market Square,https://www.visitkingston.ca/venue/market-square/,8:00 AM,"Spring Market Square - come and enjoy a lovely, outdoor, skate to music in the historical downtown of Kingston. This public skate is free to the public and makes for a great family outing. Hours of operation are from 8 am to 10 pm Monday to Sunday ...."
The 2020 Tim Hortons Brier,01-Mar-20,Leon's Centre,https://www.visitkingston.ca/venue/leons-centre/,9:00 AM,"IT'S HERE!! The 2020 Tim Hortons Brier, presented by AGI, will be played Feb. 29-March 8 at Leon’s Centre in downtown Kingston.The Tim Hortons Brier is probably the truest of any Canadian sporting championship....."
Memorial Centre Farmers’ Market,01-Mar-20,,,10:00 AM,"The Memorial Centre Farmers' Market is open year-around and sells an assortment of fresh foods, baked goods, crafts and prepared food from...."
Introduction to Encaustic painting,01-Mar-20,Art Noise Studio,https://www.visitkingston.ca/venue/art-noise-studio/,11:00 AM,Enjoy an afternoon of working with wax with Claudia Zilstra. this workshop will introduce you to the art of encaustic painting using Enkaustikos.....
Indoor Public Skating at Kingston Memorial Centre,01-Mar-20,,,12:00 PM,Enjoy indoor ice skating with the whole family at Kingston Memorial Centre each Sunday during the winter season from 12 pm to 2 pm. Kingston Memorial Centre is situated...
Beers & Bites Tour of Kingston,01-Mar-20,Stone City Ales,https://www.visitkingston.ca/venue/stone-city-ales/,3:00 PM,Spend an afternoon tasting the best of Kingston's world class micro breweries. You and a group of fellow beer lovers will be accompanied by a trained local guide on a walking tour of......
Llama Llama – LIVE!,01-Mar-20,The Grand Theatre,https://www.visitkingston.ca/venue/the-grand-theatre/,,"From the beloved book series by Anna Dewdney & the new Netflix series, Llama Llama makes bedtime exciting!"
"The Greg Runions Jazz Septet: Something gold, something new at the Isabel",01-Mar-20,Isabel Bader Centre for Performing Arts,https://www.visitkingston.ca/venue/isabel-bader-centre-for-performing-arts/,7:30 PM,"Greg Runions and his all-star Canadian septet present a concert of original and classic jazz music. The ensemble will perform repertoire from the groups 1996 and 2017 recordings plus standards from Duke Ellington's musical partner, the great jazz ....."
The Brier Patch Fan Zone presents 6ix Stix,01-Mar-20,The Brier Patch Fan Zone,https://www.visitkingston.ca/venue/the-brier-patch-fan-zone/,10:00 PM,"Rhythm Works 6ix Stix provides a fully interactive show, leaving audiences smiling and happy. After a 40 minute performance, RW gives a motivational..."
Swordwall Hip Hop Sunday,01-Mar-20,The Toucan,https://www.visitkingston.ca/venue/the-toucan/,11:00 PM,"Swordwall started 8 years ago when some friends working at a restaurant together decided to name the magnetic knife holder in their kitchen, the ""sword wall"".These ..."
FebFest 2020 Winter Park in Boucher Park,02-Mar-20,Boucher Park,https://www.visitkingston.ca/venue/boucher-park/,8:00 AM,Bundle up the little kids and take them to Boucher Park on Clarence Street just around the corner from Springer Market Square and let the kids enjoy the ice slides and ice sculptures. Boucher Park will be open for the whole month of February (weather permitting) in the heart of downtown Kingston ...
Free Outdoor Public Skating in Springer Market Square,02-Mar-20,Market Square,https://www.visitkingston.ca/venue/market-square/,8:00 AM,"Spring Market Square - come and enjoy a lovely, outdoor, skate to music in the historical downtown of Kingston. This public skate is free to the public and makes for a great family outing. Hours of operation are from 8 am to 10 pm Monday to Sunday ...."
The 2020 Tim Hortons Brier,02-Mar-20,Leon's Centre,https://www.visitkingston.ca/venue/leons-centre/,9:00 AM,"IT'S HERE!! The 2020 Tim Hortons Brier, presented by AGI, will be played Feb. 29-March 8 at Leon’s Centre in downtown Kingston.The Tim Hortons Brier is probably the truest of any Canadian sporting championship....."
Super”Ball” Sunday with Greg Ball at The Red House West,02-Mar-20,Red House West,https://www.visitkingston.ca/venue/red-house-west/,2:00 PM,"If you’ve ever gone out for a pint in the city, chances are you’ve met Greg Ball. He’s a Kingston bartender who just happens to be signed with...."
Joggers and Lagers at Riverhead Brewing Co.,02-Mar-20,Riverhead Brewing Company,https://www.visitkingston.ca/venue/riverhead-brewing-company/,5:30 PM,"Lace up your sneakers! Starting April 1st, come join members of the Riverhead team for a bi-weekly 3k walk/run. We will increase distances overtime to keep pace with....."
Indoor Public Ice Skating at the INVISTA Centre,02-Mar-20,INVISTA Centre,https://www.visitkingston.ca/venue/invista-centre/,6:30 PM,Enjoy a family skate on the NHL sized ice pads and then warm up afterwards in the dressing rooms that have in-floor heating. Participants of all ages can enjoy a leisurely skate around the ice surface ...
Monday Jazz at Musiikki Cafe,02-Mar-20,Musiikki Café,https://www.visitkingston.ca/venue/musiikki-cafe/,7:00 PM,Come and enjoy Monday night Jazz downtown at Musiikki Cafe. The number 1 venue for music of all kinds and all places. Come in and enjoy an expertly made ...
Music Video Dance Party at The Brier Patch Fan Zone,02-Mar-20,The Brier Patch Fan Zone,https://www.visitkingston.ca/venue/the-brier-patch-fan-zone/,10:00 PM,Drop on over to the Brier Patch Fan Zone immediately following the end of tonight’s draw for a Music Video Dance Party....
FebFest 2020 Winter Park in Boucher Park,03-Mar-20,Boucher Park,https://www.visitkingston.ca/venue/boucher-park/,8:00 AM,Bundle up the little kids and take them to Boucher Park on Clarence Street just around the corner from Springer Market Square and let the kids enjoy the ice slides and ice sculptures. Boucher Park will be open for the whole month of February (weather permitting) in the heart of downtown Kingston ...
Free Outdoor Public Skating in Springer Market Square,03-Mar-20,Market Square,https://www.visitkingston.ca/venue/market-square/,8:00 AM,"Spring Market Square - come and enjoy a lovely, outdoor, skate to music in the historical downtown of Kingston. This public skate is free to the public and makes for a great family outing. Hours of operation are from 8 am to 10 pm Monday to Sunday ...."
The 2020 Tim Hortons Brier,03-Mar-20,Leon's Centre,https://www.visitkingston.ca/venue/leons-centre/,9:00 AM,"IT'S HERE!! The 2020 Tim Hortons Brier, presented by AGI, will be played Feb. 29-March 8 at Leon’s Centre in downtown Kingston.The Tim Hortons Brier is probably the truest of any Canadian sporting championship....."
Indoor Public Ice Skating at Centre 70 Arena,03-Mar-20,Centre 70,https://www.visitkingston.ca/venue/centre-70/,4:00 PM,"Enjoy a leisurely skate with friends and family at Centre 70 Arena, 100 Days Road during the winter season from 4 pm to 5 pm. The Skate Patrol are on the...."
Oyster Night at Spearhead,03-Mar-20,Spearhead Brewing Company,https://www.visitkingston.ca/venue/spearhead-brewing-company/,4:00 PM,"We shuck ’em, you slurp ’em! Tuesday, starting at 4 pm enjoy fresh oysters on the half shell in the Taproom. Shucked to order, paired with Capers homemade....."
Forest Therapy Walk at Little Cataraqui Creek Conservation Area,03-Mar-20,Little Cataraqui Creek Conservation Area,https://www.visitkingston.ca/venue/little-cataraqui-creek-conservation-area/,5:00 PM,Join Forest Therapy Guide Stana Luxford Oddie on a winter Forest Therapy walk. A forest therapy walk is a healing and connective practice that provides the opportunity to deepen your......
Tuesday Night Jazz at Olivea,03-Mar-20,Olivea Restaurant,https://www.visitkingston.ca/venue/olivea-restaurant/,6:00 PM,"A tradition among jazz lovers, Tuesday Night Jazz at Olivea ..."
Advanced Acrylic Technique Art Class,03-Mar-20,Art Noise Studio,https://www.visitkingston.ca/venue/art-noise-studio/,6:30 PM,Expand your skill with acrylic paints. This class is made up of working on a series of panels using a variety of painting styles and applications to develop surface textures.....
"Royal Tusk, BRKN Love & Ready The Prince live at The Mansion",03-Mar-20,The Mansion,https://www.visitkingston.ca/venue/the-mansion/,7:00 PM,"Blue-collar troubadours from the Great White North, Royal Tusk are steadfast champions of the majesty of kickass riffs, meaty books, a thick bottom end, and loud guitars ..."
Irish Seisiun at The Toucan,03-Mar-20,The Toucan,https://www.visitkingston.ca/venue/the-toucan/,8:00 PM,"You are invited to bring your musical instrument and join in the fun on Irish Seisiun Tuesdays at The Toucan. Listen to mostly Irish music with some CB and Scottish tunes thrown in. Fiddle, accordian, Irish pipes, whistles/flutes, bodhrams, guitars ...."
Irish Seisiún at the Toucan,03-Mar-20,The Toucan,https://www.visitkingston.ca/venue/the-toucan/,8:00 PM,"An Irish Seisiún is an informal gathering at which people play traditional Irish music. All are welcome to bring their instrument and join in on the fun, every Tuesday at The Toucan!..."
Brier Patch Fan Zone presents 80’s Enough,03-Mar-20,The Brier Patch Fan Zone,https://www.visitkingston.ca/venue/the-brier-patch-fan-zone/,10:00 PM,The hair was big and the ties were thin. Mousse replaced gel and the hair crimper replaced the curling iron. The newest technologies...like the bank machine and....
FebFest 2020 Winter Park in Boucher Park,04-Mar-20,Boucher Park,https://www.visitkingston.ca/venue/boucher-park/,8:00 AM,Bundle up the little kids and take them to Boucher Park on Clarence Street just around the corner from Springer Market Square and let the kids enjoy the ice slides and ice sculptures. Boucher Park will be open for the whole month of February (weather permitting) in the heart of downtown Kingston ...
Free Outdoor Public Skating in Springer Market Square,04-Mar-20,Market Square,https://www.visitkingston.ca/venue/market-square/,8:00 AM,"Spring Market Square - come and enjoy a lovely, outdoor, skate to music in the historical downtown of Kingston. This public skate is free to the public and makes for a great family outing. Hours of operation are from 8 am to 10 pm Monday to Sunday ...."
The 2020 Tim Hortons Brier,04-Mar-20,Leon's Centre,https://www.visitkingston.ca/venue/leons-centre/,9:00 AM,"IT'S HERE!! The 2020 Tim Hortons Brier, presented by AGI, will be played Feb. 29-March 8 at Leon’s Centre in downtown Kingston.The Tim Hortons Brier is probably the truest of any Canadian sporting championship....."
DRAW-ing attention: Youth Art Workshop,04-Mar-20,Art Noise Studio,https://www.visitkingston.ca/venue/art-noise-studio/,4:30 PM,A 4-session class for young adults instructed by Laura Schindelto enhance their drawing skills or pick up new ones to help them become the drawers they want to......
DRAW-ing attention: Youth Drawing Class,04-Mar-20,Art Noise Studio,https://www.visitkingston.ca/venue/art-noise-studio/,4:30 PM,A 4-session class instructed by Laura Schindel for young adults to enhance their drawing skills or pick up new ones to help them become the drawers they want to.....
Indoor Public Skating at The Kingston Memorial Centre,04-Mar-20,,,5:00 PM,Enjoy a lovely ice skate with the whole family at Kingston Memorial Centre where the skate patrol are on the ice to monitor the program and are there to provide assistance when required.
The Secret 3KM Walk/Run,04-Mar-20,Running Room,https://www.visitkingston.ca/venue/running-room/,6:00 PM,The event was inspired by the first woman to run the Afghanistan marathon. After filming a documentary in Afghanistan about that country's first official....
Our House: a site-specific performance at the Grad Club,04-Mar-20,The Grad Club,https://www.visitkingston.ca/venue/the-grad-club/,8:00 PM,"A meditation on the cyclical nature of civic engagement in public spaces. A little bit of time-travelling, a lot of millennial grumbling, and maybe a dance party or...."
The Goodnight Irene’s at Musiikki,04-Mar-20,Musiikki Café,https://www.visitkingston.ca/venue/musiikki-cafe/,8:00 PM,Over 500 songs in the repertoire of The Goodnight Irenes. They perform in an intimate venue where the specialty coffee is fine and the whiskey is smooth ...
Turpins Trail brings Celtic to The Brier Patch Fan Zone,04-Mar-20,The Brier Patch Fan Zone,https://www.visitkingston.ca/venue/the-brier-patch-fan-zone/,10:00 PM,"With a closet-full of over a dozen instruments and a wealth of great original and traditional songs and tunes, Turpin's Trail brings together four veterans of Kingston's music scene....."
FebFest 2020 Winter Park in Boucher Park,05-Mar-20,Boucher Park,https://www.visitkingston.ca/venue/boucher-park/,8:00 AM,Bundle up the little kids and take them to Boucher Park on Clarence Street just around the corner from Springer Market Square and let the kids enjoy the ice slides and ice sculptures. Boucher Park will be open for the whole month of February (weather permitting) in the heart of downtown Kingston ...
Free Outdoor Public Skating in Springer Market Square,05-Mar-20,Market Square,https://www.visitkingston.ca/venue/market-square/,8:00 AM,"Spring Market Square - come and enjoy a lovely, outdoor, skate to music in the historical downtown of Kingston. This public skate is free to the public and makes for a great family outing. Hours of operation are from 8 am to 10 pm Monday to Sunday ...."
The 2020 Tim Hortons Brier,05-Mar-20,Leon's Centre,https://www.visitkingston.ca/venue/leons-centre/,9:00 AM,"IT'S HERE!! The 2020 Tim Hortons Brier, presented by AGI, will be played Feb. 29-March 8 at Leon’s Centre in downtown Kingston.The Tim Hortons Brier is probably the truest of any Canadian sporting championship....."
"Agnes Etherington Art Centre Thursday Tour – From Tudor to Hanover: British Portraits, 1590–1800",05-Mar-20,Agnes Etherington Art Centre,https://www.visitkingston.ca/venue/agnes-etherington-art-centre/,12:15 PM,"In recognition of a number of spectacular acquisitions in recent years, From Tudor to Hanover: British Portraits, 1590–1800 investigates the evolution of the painted and printed portrait in Britain. The desire to fashion the self, record achievement and...."
Indoor Public Ice Skating at Centre 70 Arena,05-Mar-20,Centre 70,https://www.visitkingston.ca/venue/centre-70/,4:00 PM,"Enjoy a leisurely skate with friends and family at Centre 70 Arena, 100 Days Road during the winter season from 4 pm to 5 pm. The Skate Patrol are on the...."
Vogue Charity Fashion Show at the Grand,05-Mar-20,The Grand Theatre,https://www.visitkingston.ca/venue/the-grand-theatre/,7:00 PM,"Highly anticipated by both Queens University students and the Kingston community, Vogue Charity Fashion Show is an annual performing arts show...."
Domino Theatre presents: In Love And Warfare by Madhuri Shekar,05-Mar-20,Domino Theatre,https://www.visitkingston.ca/venue/domino-theatre/,7:30 PM,"Evie Malone—gamer girl, college senior, and confirmed virgin—has it all figured out. Not only does she command a top-ranked guild in Warcraft with her....."
The Brier Patch Fan Zone presents Ambush Live,05-Mar-20,The Brier Patch Fan Zone,https://www.visitkingston.ca/venue/the-brier-patch-fan-zone/,10:00 PM,"Famous for their live shows, Ambush has built an intensely loyal fan base in Eastern Ontario and Western Quebec. The Ambush Army is a quarter of a million fans strong and...."
FebFest 2020 Winter Park in Boucher Park,06-Mar-20,Boucher Park,https://www.visitkingston.ca/venue/boucher-park/,8:00 AM,Bundle up the little kids and take them to Boucher Park on Clarence Street just around the corner from Springer Market Square and let the kids enjoy the ice slides and ice sculptures. Boucher Park will be open for the whole month of February (weather permitting) in the heart of downtown Kingston ...
Free Outdoor Public Skating in Springer Market Square,06-Mar-20,Market Square,https://www.visitkingston.ca/venue/market-square/,8:00 AM,"Spring Market Square - come and enjoy a lovely, outdoor, skate to music in the historical downtown of Kingston. This public skate is free to the public and makes for a great family outing. Hours of operation are from 8 am to 10 pm Monday to Sunday ...."
The 2020 Tim Hortons Brier,06-Mar-20,Leon's Centre,https://www.visitkingston.ca/venue/leons-centre/,9:00 AM,"IT'S HERE!! The 2020 Tim Hortons Brier, presented by AGI, will be played Feb. 29-March 8 at Leon’s Centre in downtown Kingston.The Tim Hortons Brier is probably the truest of any Canadian sporting championship....."
Glass Blowing Classes,06-Mar-20,Kingston Glass Studio & Gallery,https://www.visitkingston.ca/venue/kingston-glass-studio-gallery/,5:00 PM,Experiential Tourism is growing in popularity come take part in a cool ( not literally) artisan experience. Kingston Glass Studio & Gallery offers ....
Leaf Dances By Bob Young at The Art Noise Gallery,06-Mar-20,Art Noise Studio,https://www.visitkingston.ca/venue/art-noise-studio/,6:00 PM,"The Art Noise Gallery is back this March to welcome Artist Bob Young. ​Bob completed a BFA (Visual Art — Studio) at York University, Toronto, and an"
Chris Jackson and Friends at Blu Martini,06-Mar-20,Blu Martini,https://www.visitkingston.ca/venue/blu-martini/,6:30 PM,You better come grab your seat early! This local favourite will pack our lounge! You never know who will join Chris Jackson on stage...
Vogue Charity Fashion Show at the Grand,06-Mar-20,The Grand Theatre,https://www.visitkingston.ca/venue/the-grand-theatre/,7:00 PM,"Highly anticipated by both Queens University students and the Kingston community, Vogue Charity Fashion Show is an annual performing arts show...."
Indoor Ice Skating at The Centre 70 Arena,06-Mar-20,Centre 70,https://www.visitkingston.ca/venue/centre-70/,7:00 PM,Skate indoors on the large NHL - sized ice pad at The Centre 70 Arena. This leisurely skate is open to all ages and is monitored by the Skate Patrol...
Open Mic Night at Spearhead Brewery,06-Mar-20,Spearhead Brewing Company,https://www.visitkingston.ca/venue/spearhead-brewing-company/,7:00 PM,"Hosted by local legend and musical veteran, Scotty, Open Mic kicks off at 7pm, and ends when our taps- and your vocals- run dry! No sign-up necessary and a......"
Domino Theatre presents: In Love And Warfare by Madhuri Shekar,06-Mar-20,Domino Theatre,https://www.visitkingston.ca/venue/domino-theatre/,7:30 PM,"Evie Malone—gamer girl, college senior, and confirmed virgin—has it all figured out. Not only does she command a top-ranked guild in Warcraft with her....."
Virtuoso Jazz: Branford Marsalis at The Isabel,06-Mar-20,Isabel Bader Centre for Performing Arts,https://www.visitkingston.ca/venue/isabel-bader-centre-for-performing-arts/,7:30 PM,Brandford Marsalis QuartetThree-time Grammy Award winner Branford Marsalis is cited as arguably the most respected living U.S. jazz instrumentalist. Growing up in the rich environment of New Orleans...
The Original Haunted Walk of Kingston,06-Mar-20,Visitor Information Centre,https://www.visitkingston.ca/venue/visitor-experience-centre/,8:00 PM,"Haunting locals and newcomers alike, this tour takes you through Kingston’s old Sydenham Ward. It features haunted hotels, hidden burial grounds, grave robbing, hangings at the old courthouse, and Kingston’s famous...."
Our House: a site-specific performance at the Grad Club,06-Mar-20,The Grad Club,https://www.visitkingston.ca/venue/the-grad-club/,8:00 PM,"A meditation on the cyclical nature of civic engagement in public spaces. A little bit of time-travelling, a lot of millennial grumbling, and maybe a dance party or...."
Leah Daniels Live in The Brier Patch Fan Zone,06-Mar-20,The Brier Patch Fan Zone,https://www.visitkingston.ca/venue/the-brier-patch-fan-zone/,10:00 PM,To say that Leah Daniels’ career has been a whirlwind to this point would be an understatement. From watching her single “Go Back” skyrocket into the top 20 at Canadian Radio to winning the....
Road Waves Live at The Toucan,06-Mar-20,The Toucan,https://www.visitkingston.ca/venue/the-toucan/,10:00 PM,"Energetic, soulful and funky band has been used to describe the tunes from the Niagara region band Road Waves. One thing is for sure, no two shows are ever the same ..."
Road Waves live at The Toucan,06-Mar-20,The Toucan,https://www.visitkingston.ca/venue/the-toucan/,10:00 PM,"Road Waves is an energetic, soulful, & funky band stemming from the Niagara Region. No two shows are ever the same and are bound to get you off your feet....."
KnucKel HeD at the Merchant Tap House,06-Mar-20,The Merchant Tap House,https://www.visitkingston.ca/venue/the-merchant-tap-house/,10:00 PM,"Four piece rock cover band playing 70’s, 80’s, 90’s and today with more emphasis on classic rock from the 80’s......"
FebFest 2020 Winter Park in Boucher Park,07-Mar-20,Boucher Park,https://www.visitkingston.ca/venue/boucher-park/,8:00 AM,Bundle up the little kids and take them to Boucher Park on Clarence Street just around the corner from Springer Market Square and let the kids enjoy the ice slides and ice sculptures. Boucher Park will be open for the whole month of February (weather permitting) in the heart of downtown Kingston ...
Free Outdoor Public Skating in Springer Market Square,07-Mar-20,Market Square,https://www.visitkingston.ca/venue/market-square/,8:00 AM,"Spring Market Square - come and enjoy a lovely, outdoor, skate to music in the historical downtown of Kingston. This public skate is free to the public and makes for a great family outing. Hours of operation are from 8 am to 10 pm Monday to Sunday ...."
Maple Madness at Little Cataraqui Creek Conservation Area,07-Mar-20,Little Cataraqui Creek Conservation Area,https://www.visitkingston.ca/venue/little-cataraqui-creek-conservation-area/,9:00 AM,March means maple syrup at Little Cataraqui Creek Conservation Area. Take a tractor-drawn wagon back to our sugar bush to see how maple syrup was made in the olden days and how we....
The 2020 Tim Hortons Brier,07-Mar-20,Leon's Centre,https://www.visitkingston.ca/venue/leons-centre/,9:00 AM,"IT'S HERE!! The 2020 Tim Hortons Brier, presented by AGI, will be played Feb. 29-March 8 at Leon’s Centre in downtown Kingston.The Tim Hortons Brier is probably the truest of any Canadian sporting championship....."
2nd Annual Mystic Market & Holistic Fair at Rideau Acres,07-Mar-20,Rideau Acres Campground,https://www.visitkingston.ca/venue/rideau-acres-campground/,10:00 AM,"Join host Psychic Medium Jeni Juranics for the 2nd annual Mystic Market + Holistic Fair! Over 30 vendors all offering healing services, psychic readings, metaphysical art and supplies, crystals, jewelry, natural products for the body and home, clothing and ...."
Becoming Colourfully Confident: Art Workshop,07-Mar-20,Art Noise Studio,https://www.visitkingston.ca/venue/art-noise-studio/,10:00 AM,"Through this full-day workshop instructed by Tiina Kukkonen, participants will learn the basics of colour theory and develop a harmonious colour palette, which...."
The ‘Classic Kingston’ Food tour,07-Mar-20,Visitor Information Centre,https://www.visitkingston.ca/venue/visitor-experience-centre/,11:00 AM,"Take a guided stroll through historical downtown Kingston as part of an intimate group led by a passionate local guide, helping you to discover Canada's original capital city, and savouring...."
Craft & Thrift Sale @ The Thriftlodge Kingston,07-Mar-20,Thriftlodge Kingston,https://www.visitkingston.ca/venue/thriftlodge-kingston/,11:00 AM,The Thriftlodge Kingston is hosting a Craft & Thrift Sale!! MARCH COMMUNITY PARTNER: Kendra’s Community Kitties....
Indoor Public Skating at the INVISTA Centre,07-Mar-20,INVISTA Centre,https://www.visitkingston.ca/venue/invista-centre/,2:00 PM,Enjoy a leisurely skate with the family on the NHL-sized ice pads and warm-up afterwards in the dressing rooms with radiant in-door heating ...
Leaf Dances By Bob Young at The Art Noise Gallery,07-Mar-20,Art Noise Studio,https://www.visitkingston.ca/venue/art-noise-studio/,6:00 PM,"The Art Noise Gallery is back this March to welcome Artist Bob Young. ​Bob completed a BFA (Visual Art — Studio) at York University, Toronto, and an"
Vogue Charity Fashion Show at the Grand,07-Mar-20,The Grand Theatre,https://www.visitkingston.ca/venue/the-grand-theatre/,7:00 PM,"Highly anticipated by both Queens University students and the Kingston community, Vogue Charity Fashion Show is an annual performing arts show...."
Domino Theatre presents: In Love And Warfare by Madhuri Shekar,07-Mar-20,Domino Theatre,https://www.visitkingston.ca/venue/domino-theatre/,7:30 PM,"Evie Malone—gamer girl, college senior, and confirmed virgin—has it all figured out. Not only does she command a top-ranked guild in Warcraft with her....."
We’ve Got Each Other by Paul O’Donnell,07-Mar-20,The Grand Theatre,https://www.visitkingston.ca/venue/the-grand-theatre/,,"Paul O’Donnell narrates the all-singing, all-dancing Bon Jovi musical spectacular he’d create… if only he had the money."
Cantabile presents ‘Spirt and Soul’,07-Mar-20,The Spire,https://www.visitkingston.ca/venue/the-spire/,7:30 PM,"World-renown singer, Daniel Taylor, one of the most recorded countertenors in history, joins the Cantabile Choirs with his Theatre of Early Music choir in a special......"
The Original Haunted Walk of Kingston,07-Mar-20,Visitor Information Centre,https://www.visitkingston.ca/venue/visitor-experience-centre/,8:00 PM,"Haunting locals and newcomers alike, this tour takes you through Kingston’s old Sydenham Ward. It features haunted hotels, hidden burial grounds, grave robbing, hangings at the old courthouse, and Kingston’s famous...."
Our House: a site-specific performance at the Grad Club,07-Mar-20,The Grad Club,https://www.visitkingston.ca/venue/the-grad-club/,8:00 PM,"A meditation on the cyclical nature of civic engagement in public spaces. A little bit of time-travelling, a lot of millennial grumbling, and maybe a dance party or...."
Soundcheck Live at Raxx,07-Mar-20,Raxx Bar & Grill,https://www.visitkingston.ca/venue/raxx-bar-grill/,9:00 PM,"We play ""High Energy Classic Rock"" & ""Country Rock"" and current pop favourites. Lead singer Sharlee Palmer from Charlottetown, PEI, got her passion for singing...."
The Brier Patch Fan Zone presents The Carpet Frogs,07-Mar-20,The Brier Patch Fan Zone,https://www.visitkingston.ca/venue/the-brier-patch-fan-zone/,10:00 PM,"Formed in Toronto in 1993, the pop-revival sextet the Carpet Frogs comprised lead vocalist Nick Sinopoli, vocalist/guitarist Greg Godovitz, lead guitarist Steve Jenson, guitarist David...."
Pitiless Fools at the Merchant Tap House,07-Mar-20,The Merchant Tap House,https://www.visitkingston.ca/venue/the-merchant-tap-house/,10:00 PM,The Pitiless Fools are a three piece rock band from the Quinte area that plays a wide variety of music......
FebFest 2020 Winter Park in Boucher Park,08-Mar-20,Boucher Park,https://www.visitkingston.ca/venue/boucher-park/,8:00 AM,Bundle up the little kids and take them to Boucher Park on Clarence Street just around the corner from Springer Market Square and let the kids enjoy the ice slides and ice sculptures. Boucher Park will be open for the whole month of February (weather permitting) in the heart of downtown Kingston ...
Free Outdoor Public Skating in Springer Market Square,08-Mar-20,Market Square,https://www.visitkingston.ca/venue/market-square/,8:00 AM,"Spring Market Square - come and enjoy a lovely, outdoor, skate to music in the historical downtown of Kingston. This public skate is free to the public and makes for a great family outing. Hours of operation are from 8 am to 10 pm Monday to Sunday ...."
Maple Madness at Little Cataraqui Creek Conservation Area,08-Mar-20,Little Cataraqui Creek Conservation Area,https://www.visitkingston.ca/venue/little-cataraqui-creek-conservation-area/,9:00 AM,March means maple syrup at Little Cataraqui Creek Conservation Area. Take a tractor-drawn wagon back to our sugar bush to see how maple syrup was made in the olden days and how we....
The 2020 Tim Hortons Brier,08-Mar-20,Leon's Centre,https://www.visitkingston.ca/venue/leons-centre/,9:00 AM,"IT'S HERE!! The 2020 Tim Hortons Brier, presented by AGI, will be played Feb. 29-March 8 at Leon’s Centre in downtown Kingston.The Tim Hortons Brier is probably the truest of any Canadian sporting championship....."
Memorial Centre Farmers’ Market,08-Mar-20,,,10:00 AM,"The Memorial Centre Farmers' Market is open year-around and sells an assortment of fresh foods, baked goods, crafts and prepared food from...."
Indoor Public Skating at Kingston Memorial Centre,08-Mar-20,,,12:00 PM,Enjoy indoor ice skating with the whole family at Kingston Memorial Centre each Sunday during the winter season from 12 pm to 2 pm. Kingston Memorial Centre is situated...
Bare Bones Music Series featuring Logan Brown Live at Skeleton Park Brewery,08-Mar-20,Skeleton Park Brewery,https://www.visitkingston.ca/venue/skeleton-park-brewery/,2:00 PM,"Logan Brown is a performer, guitarist, and singer. The 23-year-old musician started in heavy metal and migrated over to Jazz/Soul. Performing for the first time....."
Inside Agnes at The Agnes Etherington Art Centre,08-Mar-20,Agnes Etherington Art Centre,https://www.visitkingston.ca/venue/agnes-etherington-art-centre/,2:00 PM,"Instigated and organized by dedicated member volunteers, INSIDE AGNES is a popular, informal community engagement program featuring musical performance, tea, and......"
The Kingston Symphony presents| Beethoven 7 & Marquez at the Isabel,08-Mar-20,Isabel Bader Centre for Performing Arts,https://www.visitkingston.ca/venue/isabel-bader-centre-for-performing-arts/,2:30 PM,"Marquez | Danzon No. 2 / Baker| Harp Concerto / Beethoven | Symphony No. 7 / Soloist: Kristan Toczko | HarpWagner referred to Beethoven’s Symphony No. 7 as the “apotheosis of the dance.” No argument here! It is lively, rhythmic, and energetic. ..."
Beers & Bites Tour of Kingston,08-Mar-20,Stone City Ales,https://www.visitkingston.ca/venue/stone-city-ales/,3:00 PM,Spend an afternoon tasting the best of Kingston's world class micro breweries. You and a group of fellow beer lovers will be accompanied by a trained local guide on a walking tour of......
Leaf Dances By Bob Young at The Art Noise Gallery,08-Mar-20,Art Noise Studio,https://www.visitkingston.ca/venue/art-noise-studio/,6:00 PM,"The Art Noise Gallery is back this March to welcome Artist Bob Young. ​Bob completed a BFA (Visual Art — Studio) at York University, Toronto, and an"
Swordwall Hip Hop Sunday,08-Mar-20,The Toucan,https://www.visitkingston.ca/venue/the-toucan/,11:00 PM,"Swordwall started 8 years ago when some friends working at a restaurant together decided to name the magnetic knife holder in their kitchen, the ""sword wall"".These ..."
Leaf Dances By Bob Young at The Art Noise Gallery,09-Mar-20,Art Noise Studio,https://www.visitkingston.ca/venue/art-noise-studio/,6:00 PM,"The Art Noise Gallery is back this March to welcome Artist Bob Young. ​Bob completed a BFA (Visual Art — Studio) at York University, Toronto, and an"
Indoor Public Ice Skating at the INVISTA Centre,09-Mar-20,INVISTA Centre,https://www.visitkingston.ca/venue/invista-centre/,6:30 PM,Enjoy a family skate on the NHL sized ice pads and then warm up afterwards in the dressing rooms that have in-floor heating. Participants of all ages can enjoy a leisurely skate around the ice surface ...
Monday Jazz at Musiikki Cafe,09-Mar-20,Musiikki Café,https://www.visitkingston.ca/venue/musiikki-cafe/,7:00 PM,Come and enjoy Monday night Jazz downtown at Musiikki Cafe. The number 1 venue for music of all kinds and all places. Come in and enjoy an expertly made ...
The Mush Hole at The Isabel,09-Mar-20,Isabel Bader Centre for Performing Arts,https://www.visitkingston.ca/venue/isabel-bader-centre-for-performing-arts/,7:30 PM,The Mush Hole acknowledges the lives and spirits of Mohawk Institute residential school survivors. Keeping hope as the driving force the performance offers truth and relives the devastating impacts on the students and.....
Matthew Good Moving Walls Tour 2020 w/ Guests Ellevator,09-Mar-20,The Grand Theatre,https://www.visitkingston.ca/venue/the-grand-theatre/,8:00 PM,The Matthew Good band is one of the most successful alternative rock bands in Canada during ... ***** The Grand Theatre was not available under SELECT ORGANIZER.
Our House: a site-specific performance at the Grad Club,09-Mar-20,The Grad Club,https://www.visitkingston.ca/venue/the-grad-club/,9:00 PM,"A meditation on the cyclical nature of civic engagement in public spaces. A little bit of time-travelling, a lot of millennial grumbling, and maybe a dance party or...."
Dervish on Stage at The Grand,10-Mar-20,The Grand Theatre,https://www.visitkingston.ca/venue/the-grand-theatre/,12:00 AM,"Dervish transports you to a more charmed-state of mind with iconic songs from their homeland. Made up of talented musicians and fronted by lead singer Cathy Jordan, Dervish’s sculpted sound and..."
Indoor Public Ice Skating at Centre 70 Arena,10-Mar-20,Centre 70,https://www.visitkingston.ca/venue/centre-70/,4:00 PM,"Enjoy a leisurely skate with friends and family at Centre 70 Arena, 100 Days Road during the winter season from 4 pm to 5 pm. The Skate Patrol are on the...."
Oyster Night at Spearhead,10-Mar-20,Spearhead Brewing Company,https://www.visitkingston.ca/venue/spearhead-brewing-company/,4:00 PM,"We shuck ’em, you slurp ’em! Tuesday, starting at 4 pm enjoy fresh oysters on the half shell in the Taproom. Shucked to order, paired with Capers homemade....."
Leaf Dances By Bob Young at The Art Noise Gallery,10-Mar-20,Art Noise Studio,https://www.visitkingston.ca/venue/art-noise-studio/,6:00 PM,"The Art Noise Gallery is back this March to welcome Artist Bob Young. ​Bob completed a BFA (Visual Art — Studio) at York University, Toronto, and an"
Tuesday Night Jazz at Olivea,10-Mar-20,Olivea Restaurant,https://www.visitkingston.ca/venue/olivea-restaurant/,6:00 PM,"A tradition among jazz lovers, Tuesday Night Jazz at Olivea ..."
Advanced Acrylic Technique Art Class,10-Mar-20,Art Noise Studio,https://www.visitkingston.ca/venue/art-noise-studio/,6:30 PM,Expand your skill with acrylic paints. This class is made up of working on a series of panels using a variety of painting styles and applications to develop surface textures.....
The BIG tour with Tara Shannon featuring Jessica Pearson & the East Wind,10-Mar-20,Renaissance Event Venue,https://www.visitkingston.ca/venue/renaissance-event-venue/,7:00 PM,"Join us and special guest singer, songwriter & activist Tara Shannon for an unforgettable evening all in support of Big Brothers Big Sisters KFL&A featuring...."
Attention Storm Chasers!: Gaelic Storm at The Isabel Bader,10-Mar-20,Isabel Bader Centre for Performing Arts,https://www.visitkingston.ca/venue/isabel-bader-centre-for-performing-arts/,7:30 PM,"Gaelic Storm is a true force to be reckoned with their performances of traditional Irish music, Scottish music, and original tunes in both the Celtic and Celtic rock genres. The spirit of Ireland is alive and......"
Our House: a site-specific performance at the Grad Club,10-Mar-20,The Grad Club,https://www.visitkingston.ca/venue/the-grad-club/,8:00 PM,"A meditation on the cyclical nature of civic engagement in public spaces. A little bit of time-travelling, a lot of millennial grumbling, and maybe a dance party or...."
Irish Seisiún at the Toucan,10-Mar-20,The Toucan,https://www.visitkingston.ca/venue/the-toucan/,8:00 PM,"An Irish Seisiún is an informal gathering at which people play traditional Irish music. All are welcome to bring their instrument and join in on the fun, every Tuesday at The Toucan!..."
The 2020 Kingston Canadian Film Festival,11-Mar-20,Various Locations Downtown Kingston,https://www.visitkingston.ca/venue/various-locations-downtown-kingston/,12:00 PM,"The 2020 Kingston Canadian Film Festival (KCFF) returns for its 20th anniversary season. KCFF is the globe’s largest all-Canadian film festival, celebrating the very best of...."
Indoor Public Skating at The Kingston Memorial Centre,11-Mar-20,,,5:00 PM,Enjoy a lovely ice skate with the whole family at Kingston Memorial Centre where the skate patrol are on the ice to monitor the program and are there to provide assistance when required.
Leaf Dances By Bob Young at The Art Noise Gallery,11-Mar-20,Art Noise Studio,https://www.visitkingston.ca/venue/art-noise-studio/,6:00 PM,"The Art Noise Gallery is back this March to welcome Artist Bob Young. ​Bob completed a BFA (Visual Art — Studio) at York University, Toronto, and an"
"Cruise of the Breeze: Yachting on Lake Ontario with the Royal Artillery, 1863 with Speaker – Marc Seguin",11-Mar-20,The Kingston Yacht Club,https://www.visitkingston.ca/venue/the-kingston-yacht-club/,7:00 PM,Yachting on the Great Lakes was in its infancy in 1863 when Lieutenant Henry Baines and two other Royal Artillery officers set out with their friends on a pleasure cruise...
Kingston Grandmother Connection – Night at the Theatre Fundraiser,11-Mar-20,Domino Theatre,https://www.visitkingston.ca/venue/domino-theatre/,7:30 PM,"Join us at our Domino Theatre Fundraiser . IN LOVE & WARCRAFT is a fun, lively romantic comedy by Madhurst Shekar. Tickets are $20.00 in advance or"
The 2020 Kingston Canadian Film Festival,12-Mar-20,Various Locations Downtown Kingston,https://www.visitkingston.ca/venue/various-locations-downtown-kingston/,12:00 PM,"The 2020 Kingston Canadian Film Festival (KCFF) returns for its 20th anniversary season. KCFF is the globe’s largest all-Canadian film festival, celebrating the very best of...."
Indoor Public Ice Skating at Centre 70 Arena,12-Mar-20,Centre 70,https://www.visitkingston.ca/venue/centre-70/,4:00 PM,"Enjoy a leisurely skate with friends and family at Centre 70 Arena, 100 Days Road during the winter season from 4 pm to 5 pm. The Skate Patrol are on the...."
Leaf Dances By Bob Young at The Art Noise Gallery,12-Mar-20,Art Noise Studio,https://www.visitkingston.ca/venue/art-noise-studio/,6:00 PM,"The Art Noise Gallery is back this March to welcome Artist Bob Young. ​Bob completed a BFA (Visual Art — Studio) at York University, Toronto, and an"
Musical Bingo at Riverhead Brewing Co,12-Mar-20,Riverhead Brewing Company,https://www.visitkingston.ca/venue/riverhead-brewing-company/,7:00 PM,"It’s bingo with a twist! Get ready to sing and dance with your host Amanda McCauley. Prizes to be won, and the winner of each round wins a 4-pack of delicious Riverhead....."
Domino Theatre presents: In Love And Warfare by Madhuri Shekar,12-Mar-20,Domino Theatre,https://www.visitkingston.ca/venue/domino-theatre/,7:30 PM,"Evie Malone—gamer girl, college senior, and confirmed virgin—has it all figured out. Not only does she command a top-ranked guild in Warcraft with her....."
"Havana Heat w/Aldo Lopez-Gavilian, Jazz Pianist at The Isabel",12-Mar-20,Isabel Bader Centre for Performing Arts,https://www.visitkingston.ca/venue/isabel-bader-centre-for-performing-arts/,7:30 PM,“He is praised for his “dazzling technique and rhythmic fire” in The Seattle Times and dubbed a “formidable virtuoso” by The Times of London. Cuban pianist and composer Aldo López-Gavilán excels in both the jazz and classical worlds...
The Kingston Canadian Film Festival and KPP Concerts present BEDOUIN SOUNDCLASH!,12-Mar-20,Ale House & Canteen,https://www.visitkingston.ca/venue/ale-house-canteen/,8:00 PM,Bedouin got their start right here in Kingston (early 2000's at Queen's U) and will be returning for our Thursday night concert to get the Fest off to an amazing start. ....
Seán Cullen live at The Grand!,12-Mar-20,The Baby Grand,https://www.visitkingston.ca/venue/baby-grand/,9:00 PM,"Nimble master of improvisation and accomplished impressionist who delights in the absurd, Seán Cullen, brings his all-new show to the Kingston Canadian Film Festival...."
Unpacking Conversation: Inter-generational Archival Engagement at The Agnes Etherington Art Centre,13-Mar-20,Agnes Etherington Art Centre,https://www.visitkingston.ca/venue/agnes-etherington-art-centre/,11:30 AM,This public roundtable event with Arnait collective members presents an intergenerational conversation about the exhibition Inuuqatikka: My Dear Relations and.....
The 2020 Kingston Canadian Film Festival,13-Mar-20,Various Locations Downtown Kingston,https://www.visitkingston.ca/venue/various-locations-downtown-kingston/,12:00 PM,"The 2020 Kingston Canadian Film Festival (KCFF) returns for its 20th anniversary season. KCFF is the globe’s largest all-Canadian film festival, celebrating the very best of...."
Glass Blowing Classes,13-Mar-20,Kingston Glass Studio & Gallery,https://www.visitkingston.ca/venue/kingston-glass-studio-gallery/,5:00 PM,Experiential Tourism is growing in popularity come take part in a cool ( not literally) artisan experience. Kingston Glass Studio & Gallery offers ....
Leaf Dances By Bob Young at The Art Noise Gallery,13-Mar-20,Art Noise Studio,https://www.visitkingston.ca/venue/art-noise-studio/,6:00 PM,"The Art Noise Gallery is back this March to welcome Artist Bob Young. ​Bob completed a BFA (Visual Art — Studio) at York University, Toronto, and an"
Chris Jackson and Friends at Blu Martini,13-Mar-20,Blu Martini,https://www.visitkingston.ca/venue/blu-martini/,6:30 PM,You better come grab your seat early! This local favourite will pack our lounge! You never know who will join Chris Jackson on stage...
OHL Hockey Action with The Kingston Frontenac’s vs The Hamilton Bulldogs,13-Mar-20,Leon's Centre,https://www.visitkingston.ca/venue/leons-centre/,7:00 PM,"Join us for a night of junior hockey as you watch our hometown boys, The Kingston Frontenacs take on the Hamilton Bulldogs at The Leon's Centre in downtown Kingston. Should be a great games ... let's cheer our team on ..."
Indoor Ice Skating at The Centre 70 Arena,13-Mar-20,Centre 70,https://www.visitkingston.ca/venue/centre-70/,7:00 PM,Skate indoors on the large NHL - sized ice pad at The Centre 70 Arena. This leisurely skate is open to all ages and is monitored by the Skate Patrol...
Open Mic Night at Spearhead Brewery,13-Mar-20,Spearhead Brewing Company,https://www.visitkingston.ca/venue/spearhead-brewing-company/,7:00 PM,"Hosted by local legend and musical veteran, Scotty, Open Mic kicks off at 7pm, and ends when our taps- and your vocals- run dry! No sign-up necessary and a......"
Domino Theatre presents: In Love And Warfare by Madhuri Shekar,13-Mar-20,Domino Theatre,https://www.visitkingston.ca/venue/domino-theatre/,7:30 PM,"Evie Malone—gamer girl, college senior, and confirmed virgin—has it all figured out. Not only does she command a top-ranked guild in Warcraft with her....."
Kim Mitchell live at The Grand,13-Mar-20,The Grand Theatre,https://www.visitkingston.ca/venue/the-grand-theatre/,7:30 PM,"Might as well go for a soda! This Canadian rock legend will perform hits from his solo material and his Max Webster catalogue, including .Rock n’ Roll Duty, Patio Lanterns, and ...."
The Original Haunted Walk of Kingston,13-Mar-20,Visitor Information Centre,https://www.visitkingston.ca/venue/visitor-experience-centre/,8:00 PM,"Haunting locals and newcomers alike, this tour takes you through Kingston’s old Sydenham Ward. It features haunted hotels, hidden burial grounds, grave robbing, hangings at the old courthouse, and Kingston’s famous...."
Our House: a site-specific performance at the Grad Club,13-Mar-20,The Grad Club,https://www.visitkingston.ca/venue/the-grad-club/,8:00 PM,"A meditation on the cyclical nature of civic engagement in public spaces. A little bit of time-travelling, a lot of millennial grumbling, and maybe a dance party or...."
Live at The Mansion – James Blonde & Courage My Love,13-Mar-20,The Mansion,https://www.visitkingston.ca/venue/the-mansion/,8:00 PM,"The Canadian alternative/rock band, James Blonde acts as a conduit taking inspiration from the turn of the 21st Century's rock resurgence of bands like Muse, Arctic Monkeys, Franz Ferdinand, Billy Talent and MGMT ... Courage My Love is a three-piece alternative rock/pop band from Kitchener, Ontario. The band has toured the world and garnered a Juno nomination."
Oreoz Live at Raxx,13-Mar-20,Raxx Bar & Grill,https://www.visitkingston.ca/venue/raxx-bar-grill/,9:30 PM,The Oreoz are a 4 piece top 40 groove/party band.
Small Town Socials Live at The Merchant,13-Mar-20,The Merchant Tap House,https://www.visitkingston.ca/venue/the-merchant-tap-house/,10:00 PM,"Established in 2017, Lee Francoeur and Brendan Mcmunn make up the Small Town Socials. The band has now released two original songs, and continues to......"
"EEN, a Reading Directed by Liam Karry",14-Mar-20,Tett Centre for Creativity & Learning,https://www.visitkingston.ca/venue/tett-centre-for-creativity-learning/,7:30 AM,EEN follows the journey of a college age girl to Ireland to meet her maternal grandmother for the first time. During the play we learn the secrets of four generation of the family and the reasons ...
Maple Madness at Little Cataraqui Creek Conservation Area,14-Mar-20,Little Cataraqui Creek Conservation Area,https://www.visitkingston.ca/venue/little-cataraqui-creek-conservation-area/,9:00 AM,March means maple syrup at Little Cataraqui Creek Conservation Area. Take a tractor-drawn wagon back to our sugar bush to see how maple syrup was made in the olden days and how we....
Rail O Rama Model Train Show at The Ambassador,"Saturday Mar 14, 2020",Ambassador Hotel & Conference Centre,https://www.visitkingston.ca/venue/ambassador-hotel-conference-centre/,10:00 AM,The show is designed to appeal to families as well as railway enthusiasts and features several operating layouts as well as railway related...
The ‘Classic Kingston’ Food tour,14-Mar-20,Visitor Information Centre,https://www.visitkingston.ca/venue/visitor-experience-centre/,11:00 AM,"Take a guided stroll through historical downtown Kingston as part of an intimate group led by a passionate local guide, helping you to discover Canada's original capital city, and savouring...."
The 2020 Kingston Canadian Film Festival,14-Mar-20,Various Locations Downtown Kingston,https://www.visitkingston.ca/venue/various-locations-downtown-kingston/,12:00 PM,"The 2020 Kingston Canadian Film Festival (KCFF) returns for its 20th anniversary season. KCFF is the globe’s largest all-Canadian film festival, celebrating the very best of...."
The Kingston Canadian Film Festival presents Road to the Lemon Grove,14-Mar-20,Isabel Bader Centre for Performing Arts,https://www.visitkingston.ca/venue/isabel-bader-centre-for-performing-arts/,12:30 PM,"If there was ever a movie for you to see about Italian immigrants in Canada, this would be the one. Bring your parents, your family and your...."
Indoor Public Skating at the INVISTA Centre,14-Mar-20,INVISTA Centre,https://www.visitkingston.ca/venue/invista-centre/,2:00 PM,Enjoy a leisurely skate with the family on the NHL-sized ice pads and warm-up afterwards in the dressing rooms with radiant in-door heating ...
Happy Hour Tunes featuring Chris Morris Live at Skeleton Park Brewery,14-Mar-20,Skeleton Park Brewery,https://www.visitkingston.ca/venue/skeleton-park-brewery/,4:00 PM,"Chris Morris is a folk singer from Kingston, Ontario. For over 25 years, his music and high-energy performances have been heard all over Southeastern Ontario, encompassing....."
Leaf Dances By Bob Young at The Art Noise Gallery,14-Mar-20,Art Noise Studio,https://www.visitkingston.ca/venue/art-noise-studio/,6:00 PM,"The Art Noise Gallery is back this March to welcome Artist Bob Young. ​Bob completed a BFA (Visual Art — Studio) at York University, Toronto, and an"
OHL Hockey Action with The Kingston Frontenac’s vs The Ottawa 67’s,14-Mar-20,Leon's Centre,https://www.visitkingston.ca/venue/leons-centre/,7:00 PM,"A great family event as you take in our hometown boys, The Kingston Frontenacs, a junior hockey team take on the Ottawa 67's in downtown Kingston at The Leon's Centre. Should be great entertainment ..."
Domino Theatre presents: In Love And Warfare by Madhuri Shekar,14-Mar-20,Domino Theatre,https://www.visitkingston.ca/venue/domino-theatre/,7:30 PM,"Evie Malone—gamer girl, college senior, and confirmed virgin—has it all figured out. Not only does she command a top-ranked guild in Warcraft with her....."
Choir & Orchestra Concert at St. George’s Cathedral,14-Mar-20,St. George’s Cathedral,https://www.visitkingston.ca/venue/st-georges-cathedral/,7:30 PM,"The St. George’s Cathedral Chamber Orchestra and Concert Choir, directed by David Cameron, present a concert of English anthems and Bach Cantata 3. Violist....."
A Musical Evening with Sarah Slean and Hawksley Workman,14-Mar-20,The Grand Theatre,https://www.visitkingston.ca/venue/the-grand-theatre/,,"For the first time, two of the finest voices in Canadian music share the stage in an astonishing collaborative performance. Sarah Slean and Hawksley Workman will perform together from their respective musical repertoires, and will accompany each other, as both are accomplished multi-instrumentalists."
The Original Haunted Walk of Kingston,14-Mar-20,Visitor Information Centre,https://www.visitkingston.ca/venue/visitor-experience-centre/,8:00 PM,"Haunting locals and newcomers alike, this tour takes you through Kingston’s old Sydenham Ward. It features haunted hotels, hidden burial grounds, grave robbing, hangings at the old courthouse, and Kingston’s famous...."
2020 Next Gen Masquerade Party,14-Mar-20,Renaissance Event Venue,https://www.visitkingston.ca/venue/renaissance-event-venue/,8:00 PM,"The United Way Next Gen committee invites young professionals to this semi-formal soiree, offering a chance to slip behind a mask and enjoy an evening of......"
Rock Haven Live at Raxx,14-Mar-20,Raxx Bar & Grill,https://www.visitkingston.ca/venue/raxx-bar-grill/,9:30 PM,"Check out Kingston's newest rock band at Raxx. From rock classics to current hits, there's something for everyone!...."
Small Town Socials Live at The Merchant,14-Mar-20,The Merchant Tap House,https://www.visitkingston.ca/venue/the-merchant-tap-house/,10:00 PM,"Established in 2017, Lee Francoeur and Brendan Mcmunn make up the Small Town Socials. The band has now released two original songs, and continues to......"
The 2020 Kingston Canadian Film Festival,15-Mar-20,Various Locations Downtown Kingston,https://www.visitkingston.ca/venue/various-locations-downtown-kingston/,12:00 AM,"The 2020 Kingston Canadian Film Festival (KCFF) returns for its 20th anniversary season. KCFF is the globe’s largest all-Canadian film festival, celebrating the very best of...."
"EEN, a Reading Directed by Liam Karry",15-Mar-20,Tett Centre for Creativity & Learning,https://www.visitkingston.ca/venue/tett-centre-for-creativity-learning/,7:30 AM,EEN follows the journey of a college age girl to Ireland to meet her maternal grandmother for the first time. During the play we learn the secrets of four generation of the family and the reasons ...
Maple Madness at Little Cataraqui Creek Conservation Area,15-Mar-20,Little Cataraqui Creek Conservation Area,https://www.visitkingston.ca/venue/little-cataraqui-creek-conservation-area/,9:00 AM,March means maple syrup at Little Cataraqui Creek Conservation Area. Take a tractor-drawn wagon back to our sugar bush to see how maple syrup was made in the olden days and how we....
Memorial Centre Farmers’ Market,15-Mar-20,,,10:00 AM,"The Memorial Centre Farmers' Market is open year-around and sells an assortment of fresh foods, baked goods, crafts and prepared food from...."
Rail O Rama Model Train Show at The Ambassador,"Sunday Mar 15, 2020",Ambassador Hotel & Conference Centre,https://www.visitkingston.ca/venue/ambassador-hotel-conference-centre/,10:00 AM,The show is designed to appeal to families as well as railway enthusiasts and features several operating layouts as well as railway related...
Indoor Public Skating at Kingston Memorial Centre,15-Mar-20,,,12:00 PM,Enjoy indoor ice skating with the whole family at Kingston Memorial Centre each Sunday during the winter season from 12 pm to 2 pm. Kingston Memorial Centre is situated...
Beers & Bites Tour of Kingston,15-Mar-20,Stone City Ales,https://www.visitkingston.ca/venue/stone-city-ales/,3:00 PM,Spend an afternoon tasting the best of Kingston's world class micro breweries. You and a group of fellow beer lovers will be accompanied by a trained local guide on a walking tour of......
Theatre Terra’s The Little Mermaid,15-Mar-20,The Grand Theatre,https://www.visitkingston.ca/venue/the-grand-theatre/,,Family Friendly | Ideal for ages 6+
,,,,,Join Kingston Frontenac Library at 2:30pm for story time at The Grand Theatre
,,,,,Kick off the March Break with Theater Terra as they take you deep into the depths of the ocean to visit the mermaid with a voice of gold.
Leaf Dances By Bob Young at The Art Noise Gallery,15-Mar-20,Art Noise Studio,https://www.visitkingston.ca/venue/art-noise-studio/,6:00 PM,"The Art Noise Gallery is back this March to welcome Artist Bob Young. ​Bob completed a BFA (Visual Art — Studio) at York University, Toronto, and an"
The Original Haunted Walk of Kingston,15-Mar-20,Visitor Information Centre,https://www.visitkingston.ca/venue/visitor-experience-centre/,8:00 PM,"Haunting locals and newcomers alike, this tour takes you through Kingston’s old Sydenham Ward. It features haunted hotels, hidden burial grounds, grave robbing, hangings at the old courthouse, and Kingston’s famous...."
Swordwall Hip Hop Sunday,15-Mar-20,The Toucan,https://www.visitkingston.ca/venue/the-toucan/,11:00 PM,"Swordwall started 8 years ago when some friends working at a restaurant together decided to name the magnetic knife holder in their kitchen, the ""sword wall"".These ..."
"EEN, a Reading Directed by Liam Karry",16-Mar-20,Tett Centre for Creativity & Learning,https://www.visitkingston.ca/venue/tett-centre-for-creativity-learning/,7:30 AM,EEN follows the journey of a college age girl to Ireland to meet her maternal grandmother for the first time. During the play we learn the secrets of four generation of the family and the reasons ...
March of the Museums 2020,16-Mar-20,Military Communications and Electronics Museum,https://www.visitkingston.ca/venue/military-communications-and-electronics-museum/,9:00 AM,"KAM's 3rd Annual March of the Museums will take place at the Military Communications and Electronics Museum, March 16 to March 20 from 9 am to 3 pm. This is a FREE Family Drop In, with crafts, activities and special ...."
Maple Madness at Little Cataraqui Creek Conservation Area,16-Mar-20,Little Cataraqui Creek Conservation Area,https://www.visitkingston.ca/venue/little-cataraqui-creek-conservation-area/,9:00 AM,March means maple syrup at Little Cataraqui Creek Conservation Area. Take a tractor-drawn wagon back to our sugar bush to see how maple syrup was made in the olden days and how we....
Joggers and Lagers at Riverhead Brewing Co.,16-Mar-20,Riverhead Brewing Company,https://www.visitkingston.ca/venue/riverhead-brewing-company/,5:30 PM,"Lace up your sneakers! Starting April 1st, come join members of the Riverhead team for a bi-weekly 3k walk/run. We will increase distances overtime to keep pace with....."
Leaf Dances By Bob Young at The Art Noise Gallery,16-Mar-20,Art Noise Studio,https://www.visitkingston.ca/venue/art-noise-studio/,6:00 PM,"The Art Noise Gallery is back this March to welcome Artist Bob Young. ​Bob completed a BFA (Visual Art — Studio) at York University, Toronto, and an"
Indoor Public Ice Skating at the INVISTA Centre,16-Mar-20,INVISTA Centre,https://www.visitkingston.ca/venue/invista-centre/,6:30 PM,Enjoy a family skate on the NHL sized ice pads and then warm up afterwards in the dressing rooms that have in-floor heating. Participants of all ages can enjoy a leisurely skate around the ice surface ...
Monday Jazz at Musiikki Cafe,16-Mar-20,Musiikki Café,https://www.visitkingston.ca/venue/musiikki-cafe/,7:00 PM,Come and enjoy Monday night Jazz downtown at Musiikki Cafe. The number 1 venue for music of all kinds and all places. Come in and enjoy an expertly made ...
The Original Haunted Walk of Kingston,16-Mar-20,Visitor Information Centre,https://www.visitkingston.ca/venue/visitor-experience-centre/,8:00 PM,"Haunting locals and newcomers alike, this tour takes you through Kingston’s old Sydenham Ward. It features haunted hotels, hidden burial grounds, grave robbing, hangings at the old courthouse, and Kingston’s famous...."
Forest Therapy Walk at Little Cataraqui Creek Conservation Area,17-Mar-20,Little Cataraqui Creek Conservation Area,https://www.visitkingston.ca/venue/little-cataraqui-creek-conservation-area/,7:00 AM,Join Forest Therapy Guide Stana Luxford Oddie on a winter Forest Therapy walk. A forest therapy walk is a healing and connective practice that provides the opportunity to deepen your......
"EEN, a Reading Directed by Liam Karry",17-Mar-20,Tett Centre for Creativity & Learning,https://www.visitkingston.ca/venue/tett-centre-for-creativity-learning/,7:30 AM,EEN follows the journey of a college age girl to Ireland to meet her maternal grandmother for the first time. During the play we learn the secrets of four generation of the family and the reasons ...
March of the Museums 2020,17-Mar-20,Military Communications and Electronics Museum,https://www.visitkingston.ca/venue/military-communications-and-electronics-museum/,9:00 AM,"KAM's 3rd Annual March of the Museums will take place at the Military Communications and Electronics Museum, March 16 to March 20 from 9 am to 3 pm. This is a FREE Family Drop In, with crafts, activities and special ...."
Maple Madness at Little Cataraqui Creek Conservation Area,17-Mar-20,Little Cataraqui Creek Conservation Area,https://www.visitkingston.ca/venue/little-cataraqui-creek-conservation-area/,9:00 AM,March means maple syrup at Little Cataraqui Creek Conservation Area. Take a tractor-drawn wagon back to our sugar bush to see how maple syrup was made in the olden days and how we....
March Break Beyblade Tournament,17-Mar-20,The Rocking Horse - Kingston,https://www.visitkingston.ca/venue/the-rocking-horse-kingston/,10:00 AM,It's BYOB - bring your own Beyblade and we will provide the rest! The registration fee is $10 per kid in advance!...
Indoor Public Ice Skating at Centre 70 Arena,17-Mar-20,Centre 70,https://www.visitkingston.ca/venue/centre-70/,4:00 PM,"Enjoy a leisurely skate with friends and family at Centre 70 Arena, 100 Days Road during the winter season from 4 pm to 5 pm. The Skate Patrol are on the...."
Oyster Night at Spearhead,17-Mar-20,Spearhead Brewing Company,https://www.visitkingston.ca/venue/spearhead-brewing-company/,4:00 PM,"We shuck ’em, you slurp ’em! Tuesday, starting at 4 pm enjoy fresh oysters on the half shell in the Taproom. Shucked to order, paired with Capers homemade....."
Leaf Dances By Bob Young at The Art Noise Gallery,17-Mar-20,Art Noise Studio,https://www.visitkingston.ca/venue/art-noise-studio/,6:00 PM,"The Art Noise Gallery is back this March to welcome Artist Bob Young. ​Bob completed a BFA (Visual Art — Studio) at York University, Toronto, and an"
Tuesday Night Jazz at Olivea,17-Mar-20,Olivea Restaurant,https://www.visitkingston.ca/venue/olivea-restaurant/,6:00 PM,"A tradition among jazz lovers, Tuesday Night Jazz at Olivea ..."
Advanced Acrylic Technique Art Class,17-Mar-20,Art Noise Studio,https://www.visitkingston.ca/venue/art-noise-studio/,6:30 PM,Expand your skill with acrylic paints. This class is made up of working on a series of panels using a variety of painting styles and applications to develop surface textures.....
The Original Haunted Walk of Kingston,17-Mar-20,Visitor Information Centre,https://www.visitkingston.ca/venue/visitor-experience-centre/,8:00 PM,"Haunting locals and newcomers alike, this tour takes you through Kingston’s old Sydenham Ward. It features haunted hotels, hidden burial grounds, grave robbing, hangings at the old courthouse, and Kingston’s famous...."
Irish Seisiún at the Toucan,17-Mar-20,The Toucan,https://www.visitkingston.ca/venue/the-toucan/,8:00 PM,"An Irish Seisiún is an informal gathering at which people play traditional Irish music. All are welcome to bring their instrument and join in on the fun, every Tuesday at The Toucan!..."
Small Town Socials Live at The Merchant,17-Mar-20,The Merchant Tap House,https://www.visitkingston.ca/venue/the-merchant-tap-house/,10:00 PM,"Established in 2017, Lee Francoeur and Brendan Mcmunn make up the Small Town Socials. The band has now released two original songs, and continues to......"
March of the Museums 2020,18-Mar-20,Military Communications and Electronics Museum,https://www.visitkingston.ca/venue/military-communications-and-electronics-museum/,9:00 AM,"KAM's 3rd Annual March of the Museums will take place at the Military Communications and Electronics Museum, March 16 to March 20 from 9 am to 3 pm. This is a FREE Family Drop In, with crafts, activities and special ...."
Maple Madness at Little Cataraqui Creek Conservation Area,18-Mar-20,Little Cataraqui Creek Conservation Area,https://www.visitkingston.ca/venue/little-cataraqui-creek-conservation-area/,9:00 AM,March means maple syrup at Little Cataraqui Creek Conservation Area. Take a tractor-drawn wagon back to our sugar bush to see how maple syrup was made in the olden days and how we....
Indoor Public Skating at The Kingston Memorial Centre,18-Mar-20,,,5:00 PM,Enjoy a lovely ice skate with the whole family at Kingston Memorial Centre where the skate patrol are on the ice to monitor the program and are there to provide assistance when required.
Leaf Dances By Bob Young at The Art Noise Gallery,18-Mar-20,Art Noise Studio,https://www.visitkingston.ca/venue/art-noise-studio/,6:00 PM,"The Art Noise Gallery is back this March to welcome Artist Bob Young. ​Bob completed a BFA (Visual Art — Studio) at York University, Toronto, and an"
The Archivist,18-Mar-20,The Grand Theatre,https://www.visitkingston.ca/venue/the-grand-theatre/,,Warning: Performances may contain mature content.
,,,,,Shaista Latif is a perpetual guest.
,,,,,She has been invited to tell a story.
,,,,,Shaista Latif is a storyteller.
,,,,,Shaista Latif is a story.
Les McKeown’s Bay City Rollers at The Grand,18-Mar-20,The Grand Theatre,https://www.visitkingston.ca/venue/the-grand-theatre/,7:30 PM,"Les McKeown’s legendary Bay City Rollers has toured internationally over the last three decades and will be making their Grand OnStage debut. Still performing hits like Shang-A-Lang, Saturday Night...."
The Original Haunted Walk of Kingston,18-Mar-20,Visitor Information Centre,https://www.visitkingston.ca/venue/visitor-experience-centre/,8:00 PM,"Haunting locals and newcomers alike, this tour takes you through Kingston’s old Sydenham Ward. It features haunted hotels, hidden burial grounds, grave robbing, hangings at the old courthouse, and Kingston’s famous...."
The Goodnight Irene’s at Musiikki,18-Mar-20,Musiikki Café,https://www.visitkingston.ca/venue/musiikki-cafe/,8:00 PM,Over 500 songs in the repertoire of The Goodnight Irenes. They perform in an intimate venue where the specialty coffee is fine and the whiskey is smooth ...
March of the Museums 2020,19-Mar-20,Military Communications and Electronics Museum,https://www.visitkingston.ca/venue/military-communications-and-electronics-museum/,9:00 AM,"KAM's 3rd Annual March of the Museums will take place at the Military Communications and Electronics Museum, March 16 to March 20 from 9 am to 3 pm. This is a FREE Family Drop In, with crafts, activities and special ...."
Maple Madness at Little Cataraqui Creek Conservation Area,19-Mar-20,Little Cataraqui Creek Conservation Area,https://www.visitkingston.ca/venue/little-cataraqui-creek-conservation-area/,9:00 AM,March means maple syrup at Little Cataraqui Creek Conservation Area. Take a tractor-drawn wagon back to our sugar bush to see how maple syrup was made in the olden days and how we....
Thursday Tour – Quest for Colour: Five Centuries of Innovation in Printmaking and Playing Doctor: General Idea Multiples,19-Mar-20,Agnes Etherington Art Centre,https://www.visitkingston.ca/venue/agnes-etherington-art-centre/,12:15 PM,"Printmaking is essentially a linear medium. How, then, to achieve the tonal richness of painting? Quest for Colour explores the inventive techniques through which......"
Indoor Public Ice Skating at Centre 70 Arena,19-Mar-20,Centre 70,https://www.visitkingston.ca/venue/centre-70/,4:00 PM,"Enjoy a leisurely skate with friends and family at Centre 70 Arena, 100 Days Road during the winter season from 4 pm to 5 pm. The Skate Patrol are on the...."
Leaf Dances By Bob Young at The Art Noise Gallery,19-Mar-20,Art Noise Studio,https://www.visitkingston.ca/venue/art-noise-studio/,6:00 PM,"The Art Noise Gallery is back this March to welcome Artist Bob Young. ​Bob completed a BFA (Visual Art — Studio) at York University, Toronto, and an"
Domino Theatre presents: In Love And Warfare by Madhuri Shekar,19-Mar-20,Domino Theatre,https://www.visitkingston.ca/venue/domino-theatre/,7:30 PM,"Evie Malone—gamer girl, college senior, and confirmed virgin—has it all figured out. Not only does she command a top-ranked guild in Warcraft with her....."
The Archivist,19-Mar-20,The Grand Theatre,https://www.visitkingston.ca/venue/the-grand-theatre/,,Warning: Performances may contain mature content.
,,,,,Shaista Latif is a perpetual guest.
,,,,,She has been invited to tell a story.
,,,,,Shaista Latif is a storyteller.
,,,,,Shaista Latif is a story.
Afro-Cuban Adventure: OKAN at The Isabel,19-Mar-20,Isabel Bader Centre for Performing Arts,https://www.visitkingston.ca/venue/isabel-bader-centre-for-performing-arts/,7:30 PM,"From the Lincoln and Kennedy centers to the Isabel, OKAN’s Cuban co-leaders, composers, and multi-instrumentalists Elizabeth Rodriguez and Magdelys Savigne and band bring a fresh perspective to Latin and world..........."
The Original Haunted Walk of Kingston,19-Mar-20,Visitor Information Centre,https://www.visitkingston.ca/venue/visitor-experience-centre/,8:00 PM,"Haunting locals and newcomers alike, this tour takes you through Kingston’s old Sydenham Ward. It features haunted hotels, hidden burial grounds, grave robbing, hangings at the old courthouse, and Kingston’s famous...."
March of the Museums 2020,20-Mar-20,Military Communications and Electronics Museum,https://www.visitkingston.ca/venue/military-communications-and-electronics-museum/,9:00 AM,"KAM's 3rd Annual March of the Museums will take place at the Military Communications and Electronics Museum, March 16 to March 20 from 9 am to 3 pm. This is a FREE Family Drop In, with crafts, activities and special ...."
Maple Madness at Little Cataraqui Creek Conservation Area,20-Mar-20,Little Cataraqui Creek Conservation Area,https://www.visitkingston.ca/venue/little-cataraqui-creek-conservation-area/,9:00 AM,March means maple syrup at Little Cataraqui Creek Conservation Area. Take a tractor-drawn wagon back to our sugar bush to see how maple syrup was made in the olden days and how we....
Glass Blowing Classes,20-Mar-20,Kingston Glass Studio & Gallery,https://www.visitkingston.ca/venue/kingston-glass-studio-gallery/,5:00 PM,Experiential Tourism is growing in popularity come take part in a cool ( not literally) artisan experience. Kingston Glass Studio & Gallery offers ....
Leaf Dances By Bob Young at The Art Noise Gallery,20-Mar-20,Art Noise Studio,https://www.visitkingston.ca/venue/art-noise-studio/,6:00 PM,"The Art Noise Gallery is back this March to welcome Artist Bob Young. ​Bob completed a BFA (Visual Art — Studio) at York University, Toronto, and an"
Chris Jackson and Friends at Blu Martini,20-Mar-20,Blu Martini,https://www.visitkingston.ca/venue/blu-martini/,6:30 PM,You better come grab your seat early! This local favourite will pack our lounge! You never know who will join Chris Jackson on stage...
OHL Hockey Action with The Kingston Frontenac’s vs The Oshawa Generals,20-Mar-20,Leon's Centre,https://www.visitkingston.ca/venue/leons-centre/,7:00 PM,"Take in a hometown game as The Kingston Frontenacs, a junior hockey team face-off with The Oshawa Generals in beautiful downtown Kingston at The Leon's Centre. Make sure that you come out and cheer on our hometown team ..."
Indoor Ice Skating at The Centre 70 Arena,20-Mar-20,Centre 70,https://www.visitkingston.ca/venue/centre-70/,7:00 PM,Skate indoors on the large NHL - sized ice pad at The Centre 70 Arena. This leisurely skate is open to all ages and is monitored by the Skate Patrol...
Rocklands Entertainment Presents Yesterday Once More on Stage at The Grand,20-Mar-20,The Grand Theatre,https://www.visitkingston.ca/venue/the-grand-theatre/,7:00 PM,"From the creators of ""Oh What A Night!"" and ""Four By Four direct from Las Vegas"" comes an electrifying new show a unique musical revue celebrating the music of ABBA, The Carpenters, The 5th Dimension and The Mamas & Papas......"
Open Mic Night at Spearhead Brewery,20-Mar-20,Spearhead Brewing Company,https://www.visitkingston.ca/venue/spearhead-brewing-company/,7:00 PM,"Hosted by local legend and musical veteran, Scotty, Open Mic kicks off at 7pm, and ends when our taps- and your vocals- run dry! No sign-up necessary and a......"
Domino Theatre presents: In Love And Warfare by Madhuri Shekar,20-Mar-20,Domino Theatre,https://www.visitkingston.ca/venue/domino-theatre/,7:30 PM,"Evie Malone—gamer girl, college senior, and confirmed virgin—has it all figured out. Not only does she command a top-ranked guild in Warcraft with her....."
The Archivist,20-Mar-20,The Grand Theatre,https://www.visitkingston.ca/venue/the-grand-theatre/,,Warning: Performances may contain mature content.
,,,,,Shaista Latif is a perpetual guest.
,,,,,She has been invited to tell a story.
,,,,,Shaista Latif is a storyteller.
,,,,,Shaista Latif is a story.
The Original Haunted Walk of Kingston,20-Mar-20,Visitor Information Centre,https://www.visitkingston.ca/venue/visitor-experience-centre/,8:00 PM,"Haunting locals and newcomers alike, this tour takes you through Kingston’s old Sydenham Ward. It features haunted hotels, hidden burial grounds, grave robbing, hangings at the old courthouse, and Kingston’s famous...."
The ToneKats Live at Raxx,20-Mar-20,Raxx Bar & Grill,https://www.visitkingston.ca/venue/raxx-bar-grill/,9:30 PM,The ToneKats are possibly the most intriguing band in the Kingston music scene. This trio has a new drummer and a sound that packs them in. They encourage your requests......
The Great Unwashed at the Merchant Tap House,20-Mar-20,The Merchant Tap House,https://www.visitkingston.ca/venue/the-merchant-tap-house/,10:00 PM,"The Great Unwashed (formally known as Aftershock) is looking for a multi-genred, accomplished and tasteful lead guitarist to round out the comeback of one Kingston's most eclectic and......"
String Quartets by Queen’s Composers at the Isabel,21-Mar-20,Isabel Bader Centre for Performing Arts,https://www.visitkingston.ca/venue/isabel-bader-centre-for-performing-arts/,12:00 AM,"After opening with a string quartet by Haydn, the Isabel Quartet turn their attention to quartets composed by John Burge, Clifford Crawley and Michel Szczesniak, all current or past Queen's faculty members. Student discount: It is very easy for ....."
Maple Madness at Little Cataraqui Creek Conservation Area,21-Mar-20,Little Cataraqui Creek Conservation Area,https://www.visitkingston.ca/venue/little-cataraqui-creek-conservation-area/,9:00 AM,March means maple syrup at Little Cataraqui Creek Conservation Area. Take a tractor-drawn wagon back to our sugar bush to see how maple syrup was made in the olden days and how we....
The ‘Classic Kingston’ Food tour,21-Mar-20,Visitor Information Centre,https://www.visitkingston.ca/venue/visitor-experience-centre/,11:00 AM,"Take a guided stroll through historical downtown Kingston as part of an intimate group led by a passionate local guide, helping you to discover Canada's original capital city, and savouring...."
Indoor Public Skating at the INVISTA Centre,21-Mar-20,INVISTA Centre,https://www.visitkingston.ca/venue/invista-centre/,2:00 PM,Enjoy a leisurely skate with the family on the NHL-sized ice pads and warm-up afterwards in the dressing rooms with radiant in-door heating ...
Domino Theatre presents: In Love And Warfare by Madhuri Shekar,21-Mar-20,Domino Theatre,https://www.visitkingston.ca/venue/domino-theatre/,2:00 PM,"Evie Malone—gamer girl, college senior, and confirmed virgin—has it all figured out. Not only does she command a top-ranked guild in Warcraft with her....."
The Archivist,21-Mar-20,The Grand Theatre,https://www.visitkingston.ca/venue/the-grand-theatre/,,Warning: Performances may contain mature content.
,,,,,Shaista Latif is a perpetual guest.
,,,,,She has been invited to tell a story.
,,,,,Shaista Latif is a storyteller.
,,,,,Shaista Latif is a story.
Leaf Dances By Bob Young at The Art Noise Gallery,21-Mar-20,Art Noise Studio,https://www.visitkingston.ca/venue/art-noise-studio/,6:00 PM,"The Art Noise Gallery is back this March to welcome Artist Bob Young. ​Bob completed a BFA (Visual Art — Studio) at York University, Toronto, and an"
The Archivist,21-Mar-20,The Grand Theatre,https://www.visitkingston.ca/venue/the-grand-theatre/,,Warning: Performances may contain mature content.
,,,,,Shaista Latif is a perpetual guest.
,,,,,She has been invited to tell a story.
,,,,,Shaista Latif is a storyteller.
,,,,,Shaista Latif is a story.
The Original Haunted Walk of Kingston,21-Mar-20,Visitor Information Centre,https://www.visitkingston.ca/venue/visitor-experience-centre/,8:00 PM,"Haunting locals and newcomers alike, this tour takes you through Kingston’s old Sydenham Ward. It features haunted hotels, hidden burial grounds, grave robbing, hangings at the old courthouse, and Kingston’s famous...."
Old Highway 17 Productions Presents Black Highway Hymn- Electrically Recorded Blues by Kings,21-Mar-20,Musiikki Café,https://www.visitkingston.ca/venue/musiikki-cafe/,8:00 PM,"KINGS perform with a true Renfrew County music spirit. Built on hometown rural blues from a Gretsch and Stella parlour guitar, it's always going to be crucial songs that...."
Luscious at the Merchant Tap House,21-Mar-20,The Merchant Tap House,https://www.visitkingston.ca/venue/the-merchant-tap-house/,10:00 PM,Local girl went from performing solo to start her musical adventures to forming this band with some seriously talented musicians.......
The Chalk Lines Live at Raxx,21-Mar-20,Raxx Bar & Grill,https://www.visitkingston.ca/venue/raxx-bar-grill/,10:00 PM,"Tired of the same old classic rock band? These guys deliver some incredibly fun rock and alternative rock songs from the 90's to today. High energy, fun..what more do you need?..."
Maple Madness at Little Cataraqui Creek Conservation Area,22-Mar-20,Little Cataraqui Creek Conservation Area,https://www.visitkingston.ca/venue/little-cataraqui-creek-conservation-area/,9:00 AM,March means maple syrup at Little Cataraqui Creek Conservation Area. Take a tractor-drawn wagon back to our sugar bush to see how maple syrup was made in the olden days and how we....
Memorial Centre Farmers’ Market,22-Mar-20,,,10:00 AM,"The Memorial Centre Farmers' Market is open year-around and sells an assortment of fresh foods, baked goods, crafts and prepared food from...."
Indoor Public Skating at Kingston Memorial Centre,22-Mar-20,,,12:00 PM,Enjoy indoor ice skating with the whole family at Kingston Memorial Centre each Sunday during the winter season from 12 pm to 2 pm. Kingston Memorial Centre is situated...
The Archivist,22-Mar-20,The Grand Theatre,https://www.visitkingston.ca/venue/the-grand-theatre/,,Warning: Performances may contain mature content.
,,,,,Shaista Latif is a perpetual guest.
,,,,,She has been invited to tell a story.
,,,,,Shaista Latif is a storyteller.
,,,,,Shaista Latif is a story.
Beers & Bites Tour of Kingston,22-Mar-20,Stone City Ales,https://www.visitkingston.ca/venue/stone-city-ales/,3:00 PM,Spend an afternoon tasting the best of Kingston's world class micro breweries. You and a group of fellow beer lovers will be accompanied by a trained local guide on a walking tour of......
Leaf Dances By Bob Young at The Art Noise Gallery,22-Mar-20,Art Noise Studio,https://www.visitkingston.ca/venue/art-noise-studio/,6:00 PM,"The Art Noise Gallery is back this March to welcome Artist Bob Young. ​Bob completed a BFA (Visual Art — Studio) at York University, Toronto, and an"
Swordwall Hip Hop Sunday,22-Mar-20,The Toucan,https://www.visitkingston.ca/venue/the-toucan/,11:00 PM,"Swordwall started 8 years ago when some friends working at a restaurant together decided to name the magnetic knife holder in their kitchen, the ""sword wall"".These ..."
Leaf Dances By Bob Young at The Art Noise Gallery,23-Mar-20,Art Noise Studio,https://www.visitkingston.ca/venue/art-noise-studio/,6:00 PM,"The Art Noise Gallery is back this March to welcome Artist Bob Young. ​Bob completed a BFA (Visual Art — Studio) at York University, Toronto, and an"
Indoor Public Ice Skating at the INVISTA Centre,23-Mar-20,INVISTA Centre,https://www.visitkingston.ca/venue/invista-centre/,6:30 PM,Enjoy a family skate on the NHL sized ice pads and then warm up afterwards in the dressing rooms that have in-floor heating. Participants of all ages can enjoy a leisurely skate around the ice surface ...
Monday Jazz at Musiikki Cafe,23-Mar-20,Musiikki Café,https://www.visitkingston.ca/venue/musiikki-cafe/,7:00 PM,Come and enjoy Monday night Jazz downtown at Musiikki Cafe. The number 1 venue for music of all kinds and all places. Come in and enjoy an expertly made ...
Indoor Public Ice Skating at Centre 70 Arena,24-Mar-20,Centre 70,https://www.visitkingston.ca/venue/centre-70/,4:00 PM,"Enjoy a leisurely skate with friends and family at Centre 70 Arena, 100 Days Road during the winter season from 4 pm to 5 pm. The Skate Patrol are on the...."
Oyster Night at Spearhead,24-Mar-20,Spearhead Brewing Company,https://www.visitkingston.ca/venue/spearhead-brewing-company/,4:00 PM,"We shuck ’em, you slurp ’em! Tuesday, starting at 4 pm enjoy fresh oysters on the half shell in the Taproom. Shucked to order, paired with Capers homemade....."
Leaf Dances By Bob Young at The Art Noise Gallery,24-Mar-20,Art Noise Studio,https://www.visitkingston.ca/venue/art-noise-studio/,6:00 PM,"The Art Noise Gallery is back this March to welcome Artist Bob Young. ​Bob completed a BFA (Visual Art — Studio) at York University, Toronto, and an"
Tuesday Night Jazz at Olivea,24-Mar-20,Olivea Restaurant,https://www.visitkingston.ca/venue/olivea-restaurant/,6:00 PM,"A tradition among jazz lovers, Tuesday Night Jazz at Olivea ..."
Advanced Acrylic Technique Art Class,24-Mar-20,Art Noise Studio,https://www.visitkingston.ca/venue/art-noise-studio/,6:30 PM,Expand your skill with acrylic paints. This class is made up of working on a series of panels using a variety of painting styles and applications to develop surface textures.....
A Little Bit In Love: Bernstein & Brahms – ARC Ensemble with Patricia O’Callaghan at the Isabel,24-Mar-20,Isabel Bader Centre for Performing Arts,https://www.visitkingston.ca/venue/isabel-bader-centre-for-performing-arts/,7:30 PM,"Delight in the songs from Bernstein’s Candide, On the Town, and Wonderful Town, and the beautiful Brahms Clarinet Quintet with TSO Principal Clarinetist, Joaquin Valdepeñas. Leonard Bernstein’s extravagant talents could frustrate many groups. The classical ......"
Irish Seisiún at the Toucan,24-Mar-20,The Toucan,https://www.visitkingston.ca/venue/the-toucan/,8:00 PM,"An Irish Seisiún is an informal gathering at which people play traditional Irish music. All are welcome to bring their instrument and join in on the fun, every Tuesday at The Toucan!..."
Indoor Public Skating at The Kingston Memorial Centre,25-Mar-20,,,5:00 PM,Enjoy a lovely ice skate with the whole family at Kingston Memorial Centre where the skate patrol are on the ice to monitor the program and are there to provide assistance when required.
Leaf Dances By Bob Young at The Art Noise Gallery,25-Mar-20,Art Noise Studio,https://www.visitkingston.ca/venue/art-noise-studio/,6:00 PM,"The Art Noise Gallery is back this March to welcome Artist Bob Young. ​Bob completed a BFA (Visual Art — Studio) at York University, Toronto, and an"
"Water Levels, Fish and Fisheries with Speaker: John Casselman",25-Mar-20,The Kingston Yacht Club,https://www.visitkingston.ca/venue/the-kingston-yacht-club/,7:00 PM,"John Casselman, a biologist at Queen's University, addresses the impact of water levels on fish and fisheries, along with its impact on human endeavours, using the Lake Ontario......"
Indoor Public Ice Skating at Centre 70 Arena,26-Mar-20,Centre 70,https://www.visitkingston.ca/venue/centre-70/,4:00 PM,"Enjoy a leisurely skate with friends and family at Centre 70 Arena, 100 Days Road during the winter season from 4 pm to 5 pm. The Skate Patrol are on the...."
Leaf Dances By Bob Young at The Art Noise Gallery,26-Mar-20,Art Noise Studio,https://www.visitkingston.ca/venue/art-noise-studio/,6:00 PM,"The Art Noise Gallery is back this March to welcome Artist Bob Young. ​Bob completed a BFA (Visual Art — Studio) at York University, Toronto, and an"
Isabel and Alfred Bader Lecture in European Art at The Agnes Etherington Art Centre,26-Mar-20,Agnes Etherington Art Centre,https://www.visitkingston.ca/venue/agnes-etherington-art-centre/,6:00 PM,"“Big-Bellied Women: Portraying Pregnancy in 16th– and 17th-Century England”Karen Hearn, former curator at the Tate and a world-renowned expert on British..."
"IGnite: Lyme Disease, Dark Matter & Exploding Stars",26-Mar-20,Kingston Frontenac Public Library – Central Branch,https://www.visitkingston.ca/venue/kingston-frontenac-public-library-central-branch/,6:30 PM,
Musical Bingo at Riverhead Brewing Co,26-Mar-20,Riverhead Brewing Company,https://www.visitkingston.ca/venue/riverhead-brewing-company/,7:00 PM,"It’s bingo with a twist! Get ready to sing and dance with your host Amanda McCauley. Prizes to be won, and the winner of each round wins a 4-pack of delicious Riverhead....."
Art and Wellness Symposium at The Agnes Etherington Art Centre,27-Mar-20,Agnes Etherington Art Centre,https://www.visitkingston.ca/venue/agnes-etherington-art-centre/,12:00 AM,"Building on the success of the Art Hive @Agnes, this public symposium welcomes those working in art and wellness—and those looking to learn more—to a......"
Glass Blowing Classes,27-Mar-20,Kingston Glass Studio & Gallery,https://www.visitkingston.ca/venue/kingston-glass-studio-gallery/,5:00 PM,Experiential Tourism is growing in popularity come take part in a cool ( not literally) artisan experience. Kingston Glass Studio & Gallery offers ....
Leaf Dances By Bob Young at The Art Noise Gallery,27-Mar-20,Art Noise Studio,https://www.visitkingston.ca/venue/art-noise-studio/,6:00 PM,"The Art Noise Gallery is back this March to welcome Artist Bob Young. ​Bob completed a BFA (Visual Art — Studio) at York University, Toronto, and an"
Chris Jackson and Friends at Blu Martini,27-Mar-20,Blu Martini,https://www.visitkingston.ca/venue/blu-martini/,6:30 PM,You better come grab your seat early! This local favourite will pack our lounge! You never know who will join Chris Jackson on stage...
Bottle Tree Productions’ Musical Theatre Class presents Frozen Jr,27-Mar-20,The Grand Theatre,https://www.visitkingston.ca/venue/the-grand-theatre/,7:00 PM,"Your family will enjoy the familiar music and story of Anna, Elsa, Kristoff, Hans, Olaf and Sven along with a cast of colourful characters in this student-acted....."
Open Mic Night at Spearhead Brewery,27-Mar-20,Spearhead Brewing Company,https://www.visitkingston.ca/venue/spearhead-brewing-company/,7:00 PM,"Hosted by local legend and musical veteran, Scotty, Open Mic kicks off at 7pm, and ends when our taps- and your vocals- run dry! No sign-up necessary and a......"
The Original Haunted Walk of Kingston,27-Mar-20,Visitor Information Centre,https://www.visitkingston.ca/venue/visitor-experience-centre/,8:00 PM,"Haunting locals and newcomers alike, this tour takes you through Kingston’s old Sydenham Ward. It features haunted hotels, hidden burial grounds, grave robbing, hangings at the old courthouse, and Kingston’s famous...."
Shake the Tree Live at Raxx,27-Mar-20,Raxx Bar & Grill,https://www.visitkingston.ca/venue/raxx-bar-grill/,9:30 PM,"Shake The Tree covers classic rock music from the 60’s up to our modern era selections, as well as, touching on various genres like new country and pop. Everyone will get a chance to....."
The ToneKats at the Merchant,27-Mar-20,The Merchant Tap House,https://www.visitkingston.ca/venue/the-merchant-tap-house/,10:00 PM,Need a place to bring the relatives where the rock (and some country) is good and the band delivers hit after hit? ToneKats at the Merchant - a Kingston institution! They pack the place every.......
Maple Madness at Little Cataraqui Creek Conservation Area,28-Mar-20,Little Cataraqui Creek Conservation Area,https://www.visitkingston.ca/venue/little-cataraqui-creek-conservation-area/,9:00 AM,March means maple syrup at Little Cataraqui Creek Conservation Area. Take a tractor-drawn wagon back to our sugar bush to see how maple syrup was made in the olden days and how we....
The ‘Classic Kingston’ Food tour,28-Mar-20,Visitor Information Centre,https://www.visitkingston.ca/venue/visitor-experience-centre/,11:00 AM,"Take a guided stroll through historical downtown Kingston as part of an intimate group led by a passionate local guide, helping you to discover Canada's original capital city, and savouring...."
The Kingston Symphony presents Symphonic Shenanigans,28-Mar-20,The Grand Theatre,https://www.visitkingston.ca/venue/the-grand-theatre/,1:30 PM,"Can you make music with tin cans, soda straws, garden hoses, and turkey basters? Juno Award-winning children's entertainer Al Simmons can! Discover the wacky science...."
Bottle Tree Productions’ Musical Theatre Class presents Frozen Jr- Matinee,28-Mar-20,The Grand Theatre,https://www.visitkingston.ca/venue/the-grand-theatre/,2:00 PM,"Elsa and Anna are princesses in the beautiful kingdom of Arendelle - they have loving parents, and many guiding hands to help them grow. They are two normal...."
Indoor Public Skating at the INVISTA Centre,28-Mar-20,INVISTA Centre,https://www.visitkingston.ca/venue/invista-centre/,2:00 PM,Enjoy a leisurely skate with the family on the NHL-sized ice pads and warm-up afterwards in the dressing rooms with radiant in-door heating ...
Symphonic Shenanigans at The Grand Theatre,28-Mar-20,The Grand Theatre,https://www.visitkingston.ca/venue/the-grand-theatre/,2:30 PM,"Can you make music with tin cans, soda straws, garden hoses, and turkey basters? Juno Award-winning children’s entertainer Al Simmons can! Discover the wacky...."
Happy Hour Tunes with Lane Duke at Skeleton Park Brewery,28-Mar-20,Skeleton Park Brewery,https://www.visitkingston.ca/venue/skeleton-park-brewery/,4:00 PM,"The EAST COAST COWBOY. Singer/Songwriter originally, from Nova Scotia, now living in Kingston, Lane Duke combines the gritty styles of the Outlaw Country musicians...."
Leaf Dances By Bob Young at The Art Noise Gallery,28-Mar-20,Art Noise Studio,https://www.visitkingston.ca/venue/art-noise-studio/,6:00 PM,"The Art Noise Gallery is back this March to welcome Artist Bob Young. ​Bob completed a BFA (Visual Art — Studio) at York University, Toronto, and an"
Bottle Tree Productions’ Musical Theatre Class presents Frozen Jr,28-Mar-20,The Grand Theatre,https://www.visitkingston.ca/venue/the-grand-theatre/,7:00 PM,"Your family will enjoy the familiar music and story of Anna, Elsa, Kristoff, Hans, Olaf and Sven along with a cast of colourful characters in this student-acted....."
The Original Haunted Walk of Kingston,28-Mar-20,Visitor Information Centre,https://www.visitkingston.ca/venue/visitor-experience-centre/,8:00 PM,"Haunting locals and newcomers alike, this tour takes you through Kingston’s old Sydenham Ward. It features haunted hotels, hidden burial grounds, grave robbing, hangings at the old courthouse, and Kingston’s famous...."
The Celtic Kitchen Party live at the Tir Nan ‘Og,28-Mar-20,Tir Nan Og Irish Pub,https://www.visitkingston.ca/venue/tir-nan-og-irish-pub/,9:30 PM,The Celtic Kitchen Party will be performing the first Saturday of each month as they conjure up that good ol' down home feeling at Tir Nan 'Og Irish Pub in.....
Luscious at the Merchant Tap House,28-Mar-20,The Merchant Tap House,https://www.visitkingston.ca/venue/the-merchant-tap-house/,10:00 PM,Local girl went from performing solo to start her musical adventures to forming this band with some seriously talented musicians.......
Maple Madness at Little Cataraqui Creek Conservation Area,29-Mar-20,Little Cataraqui Creek Conservation Area,https://www.visitkingston.ca/venue/little-cataraqui-creek-conservation-area/,9:00 AM,March means maple syrup at Little Cataraqui Creek Conservation Area. Take a tractor-drawn wagon back to our sugar bush to see how maple syrup was made in the olden days and how we....
Memorial Centre Farmers’ Market,29-Mar-20,,,10:00 AM,"The Memorial Centre Farmers' Market is open year-around and sells an assortment of fresh foods, baked goods, crafts and prepared food from...."
Indoor Public Skating at Kingston Memorial Centre,29-Mar-20,,,12:00 PM,Enjoy indoor ice skating with the whole family at Kingston Memorial Centre each Sunday during the winter season from 12 pm to 2 pm. Kingston Memorial Centre is situated...
Kawartha Credit Union Bowl for Kids Sake,29-Mar-20,Cloverleaf Bowling Lanes,https://www.visitkingston.ca/venue/cloverleaf-bowling-lanes/,12:00 PM,Visiting Kingston and looking to get your bowling fix AND help a great cause? The Kawartha Credit Union Bowl for Kids Sake is Big Brothers....
Bottle Tree Productions’ Musical Theatre Class presents Frozen Jr- Matinee,29-Mar-20,The Grand Theatre,https://www.visitkingston.ca/venue/the-grand-theatre/,2:00 PM,"Elsa and Anna are princesses in the beautiful kingdom of Arendelle - they have loving parents, and many guiding hands to help them grow. They are two normal...."
Beers & Bites Tour of Kingston,29-Mar-20,Stone City Ales,https://www.visitkingston.ca/venue/stone-city-ales/,3:00 PM,Spend an afternoon tasting the best of Kingston's world class micro breweries. You and a group of fellow beer lovers will be accompanied by a trained local guide on a walking tour of......
Leaf Dances By Bob Young at The Art Noise Gallery,29-Mar-20,Art Noise Studio,https://www.visitkingston.ca/venue/art-noise-studio/,6:00 PM,"The Art Noise Gallery is back this March to welcome Artist Bob Young. ​Bob completed a BFA (Visual Art — Studio) at York University, Toronto, and an"
Swordwall Hip Hop Sunday,29-Mar-20,The Toucan,https://www.visitkingston.ca/venue/the-toucan/,11:00 PM,"Swordwall started 8 years ago when some friends working at a restaurant together decided to name the magnetic knife holder in their kitchen, the ""sword wall"".These ..."
Joggers and Lagers at Riverhead Brewing Co.,30-Mar-20,Riverhead Brewing Company,https://www.visitkingston.ca/venue/riverhead-brewing-company/,5:30 PM,"Lace up your sneakers! Starting April 1st, come join members of the Riverhead team for a bi-weekly 3k walk/run. We will increase distances overtime to keep pace with....."
Leaf Dances By Bob Young at The Art Noise Gallery,30-Mar-20,Art Noise Studio,https://www.visitkingston.ca/venue/art-noise-studio/,6:00 PM,"The Art Noise Gallery is back this March to welcome Artist Bob Young. ​Bob completed a BFA (Visual Art — Studio) at York University, Toronto, and an"
Indoor Public Ice Skating at the INVISTA Centre,30-Mar-20,INVISTA Centre,https://www.visitkingston.ca/venue/invista-centre/,6:30 PM,Enjoy a family skate on the NHL sized ice pads and then warm up afterwards in the dressing rooms that have in-floor heating. Participants of all ages can enjoy a leisurely skate around the ice surface ...
Monday Jazz at Musiikki Cafe,30-Mar-20,Musiikki Café,https://www.visitkingston.ca/venue/musiikki-cafe/,7:00 PM,Come and enjoy Monday night Jazz downtown at Musiikki Cafe. The number 1 venue for music of all kinds and all places. Come in and enjoy an expertly made ...